Genus,Species,Family,EDGE,IUCN,TorNT,InZoos,inEDGE,NativeNA,NativeSA,NativeAsia,NativeAfrica,NativeEur,NativeOceania,NAHold,SAHold,AsiaHold,AfricHold,EurHold,OceaHold,NoRegions,Males,Females,Other,TotalPop,NoBirths,TotInst
Actinemys,marmorata,Emydidae,17.8545051,Vulnerable,T,Y,Y,Y,NA,NA,NA,NA,NA,23,NA,NA,NA,1,NA,2,58,24,126,208,38,24
Actinemys,pallida,Emydidae,NA,Not Assessed,UNK,N,N,Y,NA,NA,NA,NA,NA,NA,NA,NA,NA,NA,NA,NA,NA,NA,NA,NA,NA,NA
Apalone,mutica,Trionychidae,51.82831872,Least Concern,NT,Y,Y,Y,NA,NA,NA,NA,NA,4,NA,NA,NA,NA,NA,1,1,1,2,4,0,4
Apalone,ferox,Trionychidae,51.82831872,Least Concern,NT,Y,Y,Y,NA,NA,NA,NA,NA,15,NA,NA,NA,6,NA,3,5,16,49,70,11,21
Apalone,spinifera,Trionychidae,51.82831872,Least Concern,NT,Y,Y,Y,NA,NA,NA,NA,NA,33,NA,NA,NA,4,NA,3,30,30,24,84,237,37
Caretta,caretta,Cheloniidae,34.15701626,Vulnerable,T,Y,Y,Y,Y,Y,Y,Y,Y,13,NA,2,2,10,NA,4,21,30,263,314,0,27
Chelonia,mydas,Cheloniidae,48.72868293,Endangered,T,Y,Y,Y,Y,Y,Y,Y,Y,26,NA,4,2,6,2,5,41,32,893,966,0,40
Chelydra,serpentina,Chelydridae,45.30558624,Least Concern,NT,Y,Y,Y,NA,NA,NA,NA,NA,54,6,10,2,65,1,6,61,53,164,278,0,138
Chelydra,rossignonii,Chelydridae,45.30558624,Not Assessed,UNK,N,Y,Y,NA,NA,NA,NA,NA,NA,NA,NA,NA,NA,NA,NA,NA,NA,NA,NA,NA,NA
Chrysemys,picta,Emydidae,18.46632911,Least Concern,NT,Y,Y,Y,NA,NA,NA,NA,NA,82,2,2,NA,22,NA,4,67,82,1400,1549,0,108
Chrysemys,dorsalis,Emydidae,18.46632911,Not Assessed,UNK,N,Y,Y,NA,NA,NA,NA,NA,NA,NA,NA,NA,NA,NA,NA,NA,NA,NA,NA,NA,NA
Claudius,angustatus,Kinosternidae,38.4747843,Near Threatened,NT,Y,Y,Y,NA,NA,NA,NA,NA,4,NA,NA,NA,2,NA,2,5,15,0,20,0,6
Clemmys,guttata,Emydidae,19.06029411,Endangered,T,Y,Y,Y,NA,NA,NA,NA,NA,67,NA,1,NA,3,NA,3,103,123,118,344,6,71
Deirochelys,reticularia,Emydidae,13.5166497,Not Assessed,UNK,Y,Y,Y,NA,NA,NA,NA,NA,14,NA,1,NA,1,NA,3,7,12,11,30,5,16
Dermochelys,coriacea,Dermochelyidae,61.68656626,Vulnerable,T,Y,Y,Y,Y,Y,Y,Y,Y,NA,NA,NA,1,NA,NA,1,0,0,2,2,0,1
Emydoidea,blandingii,Emydidae,NA,Endangered,T,Y,N,Y,NA,NA,NA,NA,NA,26,NA,NA,NA,2,NA,2,141,152,24,317,60,28
Eretmochelys,imbricata,Cheloniidae,41.44368293,Critically Endangered,T,Y,Y,Y,Y,Y,Y,Y,Y,6,NA,1,2,3,1,5,6,5,44,55,0,13
Glyptemys,insculpta,Emydidae,17.05669772,Endangered,T,Y,Y,Y,NA,NA,NA,NA,NA,35,NA,NA,NA,2,NA,2,29,43,151,223,7,37
Glyptemys,muhlenbergii,Emydidae,17.15189208,Critically Endangered,T,Y,Y,Y,NA,NA,NA,NA,NA,9,NA,NA,NA,1,NA,2,14,10,56,80,40,10
Gopherus,polyphemus,Testudinidae,31.25360088,Vulnerable,T,Y,Y,Y,NA,NA,NA,NA,NA,48,NA,NA,NA,NA,NA,1,50,42,63,155,0,48
Gopherus,morafkai,Testudinidae,31.25360088,Not Assessed,UNK,Y,Y,Y,NA,NA,NA,NA,NA,9,NA,NA,NA,NA,NA,1,8,4,11,23,0,9
Gopherus,flavomarginatus,Testudinidae,31.25360088,Critically Endangered,T,Y,Y,Y,NA,NA,NA,NA,NA,4,NA,NA,NA,NA,NA,1,6,5,26,37,8,4
Gopherus,berlandieri,Testudinidae,31.25360088,Least Concern,NT,Y,Y,Y,NA,NA,NA,NA,NA,26,NA,NA,NA,4,NA,2,27,18,41,86,0,30
Gopherus,agassizii,Testudinidae,31.25360088,Critically Endangered,T,Y,Y,Y,NA,NA,NA,NA,NA,60,NA,NA,NA,1,NA,2,62,44,45,151,7,61
Gopherus,evgoodei,Testudinidae,31.25360088,Not Assessed,UNK,N,Y,Y,NA,NA,NA,NA,NA,NA,NA,NA,NA,NA,NA,NA,NA,NA,NA,NA,NA,NA
Graptemys,gibbonsi,Emydidae,6.539163516,Endangered,T,Y,Y,Y,NA,NA,NA,NA,NA,4,NA,NA,NA,NA,NA,1,4,2,29,35,0,4
Graptemys,oculifera,Emydidae,6.940894996,Vulnerable,T,Y,Y,Y,NA,NA,NA,NA,NA,3,NA,NA,NA,NA,NA,1,3,3,1,7,0,3
Graptemys,caglei,Emydidae,6.940894996,Endangered,T,Y,Y,Y,NA,NA,NA,NA,NA,2,NA,NA,NA,NA,NA,1,2,1,4,7,1,2
Graptemys,pearlensis,Emydidae,6.940894996,Endangered,T,Y,Y,Y,NA,NA,NA,NA,NA,2,NA,NA,NA,NA,NA,1,2,5,0,7,0,2
Graptemys,pulchra,Emydidae,6.940894996,Near Threatened,NT,Y,Y,Y,NA,NA,NA,NA,NA,1,NA,NA,NA,NA,NA,1,0,1,4,5,0,1
Graptemys,ouachitensis,Emydidae,6.940894996,Least Concern,NT,Y,Y,Y,NA,NA,NA,NA,NA,7,1,1,NA,9,NA,4,8,15,13,36,0,18
Graptemys,geographica,Emydidae,6.940894996,Least Concern,NT,Y,Y,Y,NA,NA,NA,NA,NA,13,1,NA,NA,8,NA,3,10,13,14,37,0,22
Graptemys,barbouri,Emydidae,6.710328609,Vulnerable,T,Y,Y,Y,NA,NA,NA,NA,NA,7,NA,NA,NA,2,NA,2,6,17,14,37,1,9
Graptemys,flavimaculata,Emydidae,6.940894996,Vulnerable,T,Y,Y,Y,NA,NA,NA,NA,NA,7,NA,NA,NA,2,NA,2,22,21,16,59,0,9
Graptemys,nigrinoda,Emydidae,6.940894996,Least Concern,NT,Y,Y,Y,NA,NA,NA,NA,NA,2,NA,NA,NA,2,NA,2,3,6,1,10,0,4
Graptemys,versa,Emydidae,6.940894996,Least Concern,NT,Y,Y,Y,NA,NA,NA,NA,NA,2,NA,NA,NA,2,NA,2,2,5,1,8,0,4
Graptemys,ernsti,Emydidae,6.940894996,Near Threatened,NT,Y,Y,Y,NA,NA,NA,NA,NA,NA,NA,NA,NA,1,NA,1,1,3,0,4,0,1
Graptemys,pseudogeographica,Emydidae,7.059228329,Least Concern,NT,Y,Y,Y,NA,NA,NA,NA,NA,20,3,1,NA,61,1,5,22,77,119,218,5,86
Graptemys,sabinensis,Emydidae,NA,Not Assessed,UNK,N,N,Y,NA,NA,NA,NA,NA,NA,NA,NA,NA,NA,NA,NA,NA,NA,NA,NA,NA,NA
Kinosternon,scorpioides,Kinosternidae,38.4747843,Not Assessed,UNK,Y,Y,Y,Y,NA,NA,NA,NA,9,9,1,NA,5,NA,4,33,58,43,134,0,24
Kinosternon,sonoriense,Kinosternidae,38.4747843,Near Threatened,NT,Y,Y,Y,NA,NA,NA,NA,NA,4,NA,NA,NA,NA,NA,1,5,7,23,35,3,4
Kinosternon,hirtipes,Kinosternidae,38.4747843,Least Concern,NT,Y,Y,Y,NA,NA,NA,NA,NA,3,NA,NA,NA,NA,NA,1,5,4,0,9,0,3
Kinosternon,alamosae,Kinosternidae,38.4747843,Data Deficient,UNK,Y,Y,Y,NA,NA,NA,NA,NA,1,NA,NA,NA,NA,NA,1,1,0,0,1,0,1
Kinosternon,flavescens,Kinosternidae,38.4747843,Least Concern,NT,Y,Y,Y,NA,NA,NA,NA,NA,4,NA,1,NA,NA,NA,2,3,1,1,5,0,5
Kinosternon,leucostomum,Kinosternidae,38.4747843,Not Assessed,UNK,Y,Y,Y,NA,NA,NA,NA,NA,6,5,1,NA,6,NA,4,13,12,66,91,0,18
Kinosternon,subrubrum,Kinosternidae,38.4747843,Least Concern,NT,Y,Y,Y,NA,NA,NA,NA,NA,19,NA,NA,NA,2,NA,2,6,7,24,37,0,21
Kinosternon,baurii,Kinosternidae,38.4747843,Least Concern,NT,Y,Y,Y,NA,NA,NA,NA,NA,5,NA,1,NA,2,NA,3,3,4,6,13,0,8
Kinosternon,integrum,Kinosternidae,38.4747843,Least Concern,NT,Y,Y,Y,NA,NA,NA,NA,NA,4,NA,NA,NA,1,NA,2,3,2,11,16,0,5
Kinosternon,angustipons,Kinosternidae,38.4747843,Not Assessed,UNK,N,Y,Y,NA,NA,NA,NA,NA,NA,NA,NA,NA,NA,NA,NA,NA,NA,NA,NA,NA,NA
Kinosternon,oaxacae,Kinosternidae,38.4747843,Data Deficient,UNK,N,Y,Y,NA,NA,NA,NA,NA,NA,NA,NA,NA,NA,NA,NA,NA,NA,NA,NA,NA,NA
Kinosternon,stejnegeri,Kinosternidae,NA,Least Concern,NT,N,N,Y,NA,NA,NA,NA,NA,NA,NA,NA,NA,NA,NA,NA,NA,NA,NA,NA,NA,NA
Kinosternon,acutum,Kinosternidae,38.4747843,Near Threatened,NT,N,Y,Y,NA,NA,NA,NA,NA,NA,NA,NA,NA,NA,NA,NA,NA,NA,NA,NA,NA,NA
Kinosternon,herrerai,Kinosternidae,38.4747843,Near Threatened,NT,N,Y,Y,NA,NA,NA,NA,NA,NA,NA,NA,NA,NA,NA,NA,NA,NA,NA,NA,NA,NA
Kinosternon,steindachneri,Kinosternidae,NA,Near Threatened,NT,N,N,Y,NA,NA,NA,NA,NA,NA,NA,NA,NA,NA,NA,NA,NA,NA,NA,NA,NA,NA
Kinosternon,chimalhuaca,Kinosternidae,38.4747843,Not Assessed,UNK,N,Y,Y,NA,NA,NA,NA,NA,NA,NA,NA,NA,NA,NA,NA,NA,NA,NA,NA,NA,NA
Kinosternon,cora,Kinosternidae,NA,Not Assessed,UNK,N,N,Y,NA,NA,NA,NA,NA,NA,NA,NA,NA,NA,NA,NA,NA,NA,NA,NA,NA,NA
Kinosternon,creaseri,Kinosternidae,38.4747843,Not Assessed,UNK,N,Y,Y,NA,NA,NA,NA,NA,NA,NA,NA,NA,NA,NA,NA,NA,NA,NA,NA,NA,NA
Kinosternon,durangoense,Kinosternidae,38.4747843,Not Assessed,UNK,N,Y,Y,NA,NA,NA,NA,NA,NA,NA,NA,NA,NA,NA,NA,NA,NA,NA,NA,NA,NA
Kinosternon,vogti,Kinosternidae,NA,Not Assessed,UNK,N,N,Y,NA,NA,NA,NA,NA,NA,NA,NA,NA,NA,NA,NA,NA,NA,NA,NA,NA,NA
Kinosternon,abaxillare,Testudinidae,NA,Vulnerable,T,N,N,Y,NA,NA,NA,NA,NA,NA,NA,NA,NA,NA,NA,NA,NA,NA,NA,NA,NA,NA
Lepidochelys,olivacea,Cheloniidae,27.33701626,Vulnerable,T,Y,Y,Y,Y,Y,Y,Y,Y,NA,1,1,1,NA,NA,3,0,1,3,4,0,3
Lepidochelys,kempii,Cheloniidae,27.33701626,Critically Endangered,T,Y,Y,Y,Y,NA,Y,Y,NA,13,NA,NA,NA,NA,NA,1,10,12,132,154,0,13
Macrochelys,temminckii,Chelydridae,50.96878452,Vulnerable,T,Y,Y,Y,NA,NA,NA,NA,NA,71,1,11,2,47,4,6,101,73,150,324,0,136
Macrochelys,suwanniensis,Chelydridae,50.96878452,Not Assessed,UNK,N,Y,Y,NA,NA,NA,NA,NA,NA,NA,NA,NA,NA,NA,NA,NA,NA,NA,NA,NA,NA
Malaclemys,terrapin,Emydidae,13.03334062,Vulnerable,T,Y,Y,Y,NA,NA,NA,NA,NA,63,NA,1,NA,4,NA,3,68,217,310,595,129,68
Pseudemys,texana,Chelidae,10.73363924,Least Concern,NT,Y,Y,Y,NA,NA,NA,NA,NA,6,NA,NA,NA,NA,NA,1,6,2,40,48,11,6
Pseudemys,gorzugi,Chelidae,10.73363924,Near Threatened,NT,Y,Y,Y,NA,NA,NA,NA,NA,5,NA,NA,NA,NA,NA,1,7,3,16,26,4,5
Pseudemys,nelsoni,Chelidae,10.73363924,Least Concern,NT,Y,Y,Y,NA,NA,NA,NA,NA,16,1,NA,NA,19,NA,3,14,23,42,79,0,36
Pseudemys,floridana,Chelidae,NA,Not Assessed,UNK,Y,N,Y,NA,NA,NA,NA,NA,4,NA,NA,NA,2,NA,2,4,4,14,22,0,6
Pseudemys,rubriventris,Chelidae,10.73363924,Near Threatened,NT,Y,Y,Y,NA,NA,NA,NA,NA,2,NA,NA,NA,2,NA,2,4,9,32,45,0,4
Pseudemys,concinna,Chelidae,10.30770117,Least Concern,NT,Y,Y,Y,NA,NA,NA,NA,NA,54,2,NA,NA,22,1,4,41,72,169,282,0,79
Pseudemys,alabamensis,Emydidae,10.73363924,Not Assessed,UNK,N,Y,Y,NA,NA,NA,NA,NA,NA,NA,NA,NA,NA,NA,NA,NA,NA,NA,NA,NA,NA
Pseudemys,peninsularis,Emydidae,10.73363924,Not Assessed,UNK,N,Y,Y,NA,NA,NA,NA,NA,NA,NA,NA,NA,NA,NA,NA,NA,NA,NA,NA,NA,NA
Rhinoclemmys,areolata,Geoemydidae,20.69280984,Near Threatened,NT,Y,Y,Y,NA,NA,NA,NA,NA,3,NA,NA,NA,NA,NA,1,14,17,16,47,0,3
Rhinoclemmys,funerea,Geoemydidae,16.27525855,Near Threatened,NT,Y,Y,Y,NA,NA,NA,NA,NA,3,NA,NA,NA,1,NA,2,21,24,2,47,0,4
Rhinoclemmys,pulcherrima,Geoemydidae,19.59501752,Not Assessed,UNK,Y,Y,Y,NA,NA,NA,NA,NA,20,NA,2,NA,22,1,4,39,70,68,177,8,45
Rhinoclemmys,rubida,Geoemydidae,22.98065185,Not Assessed,UNK,N,Y,Y,NA,NA,NA,NA,NA,NA,NA,NA,NA,NA,NA,NA,NA,NA,NA,NA,NA,NA
Staurotypus,triporcatus,Kinosternidae,53.43720041,Near Threatened,NT,Y,Y,Y,NA,NA,NA,NA,NA,6,NA,1,NA,3,NA,3,6,6,9,21,0,10
Staurotypus,salvinii,Kinosternidae,53.43720041,Near Threatened,NT,Y,Y,Y,NA,NA,NA,NA,NA,1,NA,NA,NA,2,NA,2,2,2,3,7,1,3
Sternotherus,odoratus,Kinosternidae,44.53100034,Least Concern,NT,Y,Y,Y,NA,NA,NA,NA,NA,33,NA,NA,NA,30,NA,2,20,39,136,195,2,63
Sternotherus,carinatus,Kinosternidae,44.53100034,Least Concern,NT,Y,Y,Y,NA,NA,NA,NA,NA,9,NA,1,NA,11,NA,3,11,18,37,66,0,21
Sternotherus,minor,Kinosternidae,44.53100034,Least Concern,NT,Y,Y,Y,NA,NA,NA,NA,NA,8,NA,NA,NA,5,NA,2,8,8,4,20,0,13
Sternotherus,depressus,Kinosternidae,44.53100034,Critically Endangered,T,N,Y,Y,NA,NA,NA,NA,NA,NA,NA,NA,NA,NA,NA,NA,NA,NA,NA,NA,NA,NA
Sternotherus,intermedius,Kinosternidae,NA,Not Assessed,UNK,N,N,Y,NA,NA,NA,NA,NA,NA,NA,NA,NA,NA,NA,NA,NA,NA,NA,NA,NA,NA
Sternotherus,peltifer,Kinosternidae,NA,Not Assessed,UNK,N,N,Y,NA,NA,NA,NA,NA,NA,NA,NA,NA,NA,NA,NA,NA,NA,NA,NA,NA,NA
Terrapene,nelsoni,Emydidae,16.18980693,Data Deficient,UNK,Y,Y,Y,NA,NA,NA,NA,NA,1,NA,NA,NA,1,NA,2,1,4,1,6,0,2
Terrapene,carolina,Emydidae,15.53209376,Vulnerable,T,Y,Y,Y,NA,NA,NA,NA,NA,276,NA,10,NA,28,5,4,309,355,492,1156,53,319
Terrapene,ornata,Emydidae,16.61142027,Near Threatened,NT,Y,Y,Y,NA,NA,NA,NA,NA,67,NA,3,NA,4,1,4,59,71,100,230,3,75
Terrapene,coahuila,Emydidae,15.1037386,Endangered,T,Y,Y,Y,NA,NA,NA,NA,NA,15,NA,NA,NA,1,1,3,17,28,21,66,1,17
Terrapene,mexicana,Emydidae,16.18980693,Not Assessed,UNK,N,Y,Y,NA,NA,NA,NA,NA,NA,NA,NA,NA,NA,NA,NA,NA,NA,NA,NA,NA,NA
Terrapene,triunguis,Emydidae,NA,Not Assessed,UNK,N,N,Y,NA,NA,NA,NA,NA,NA,NA,NA,NA,NA,NA,NA,NA,NA,NA,NA,NA,NA
Terrapene,yucatana,Emydidae,NA,Not Assessed,UNK,N,N,Y,NA,NA,NA,NA,NA,NA,NA,NA,NA,NA,NA,NA,NA,NA,NA,NA,NA,NA
Trachemys,ornata,Emydidae,9.656693914,Vulnerable,T,Y,Y,Y,NA,NA,NA,NA,NA,4,NA,NA,NA,NA,NA,1,0,6,33,39,0,4
Trachemys,gaigeae,Emydidae,9.63057519,Vulnerable,T,Y,Y,Y,NA,NA,NA,NA,NA,2,NA,NA,NA,NA,NA,1,0,3,0,3,0,2
Trachemys,terrapen,Emydidae,9.63057519,Vulnerable,T,Y,Y,Y,NA,NA,NA,NA,NA,1,NA,NA,NA,NA,NA,1,2,13,0,15,0,1
Trachemys,venusta,Emydidae,9.507378848,Not Assessed,UNK,Y,Y,Y,Y,NA,NA,NA,NA,6,NA,NA,NA,2,NA,3,6,18,35,59,0,8
Trachemys,decorata,Emydidae,9.63057519,Vulnerable,T,Y,Y,Y,NA,NA,NA,NA,NA,2,NA,NA,NA,1,NA,2,1,0,6,7,0,3
Trachemys,grayi,Emydidae,9.63057519,Not Assessed,UNK,Y,Y,Y,Y,NA,NA,NA,NA,1,NA,NA,NA,1,NA,2,8,10,0,18,0,2
Trachemys,stejnegeri,Emydidae,9.63057519,Near Threatened,NT,Y,Y,Y,NA,NA,NA,NA,NA,1,NA,NA,NA,1,NA,2,2,1,24,27,0,2
Trachemys,decussata,Emydidae,9.63057519,Not Assessed,UNK,Y,Y,Y,NA,NA,NA,NA,NA,NA,1,NA,NA,1,NA,2,9,9,0,18,0,2
Trachemys,scripta,Emydidae,11.24390852,Least Concern,NT,Y,Y,Y,NA,NA,NA,NA,NA,151,16,41,10,296,5,6,673,1716,5001,7390,28,519
Trachemys,taylori,Emydidae,9.63057519,Endangered,T,N,Y,Y,NA,NA,NA,NA,NA,NA,NA,NA,NA,NA,NA,NA,NA,NA,NA,NA,NA,NA
Trachemys,hartwegi,Emydidae,NA,Not Assessed,UNK,N,N,Y,NA,NA,NA,NA,NA,NA,NA,NA,NA,NA,NA,NA,NA,NA,NA,NA,NA,NA
Trachemys,nebulosa,Emydidae,9.63057519,Not Assessed,UNK,N,Y,Y,NA,NA,NA,NA,NA,NA,NA,NA,NA,NA,NA,NA,NA,NA,NA,NA,NA,NA
Trachemys,yaquia,Emydidae,9.63057519,Vulnerable,T,N,Y,Y,NA,NA,NA,NA,NA,NA,NA,NA,NA,NA,NA,NA,NA,NA,NA,NA,NA,NA
Acanthochelys,pallidipectoris,Chelidae,45.20689918,Endangered,T,Y,Y,NA,Y,NA,NA,NA,NA,1,NA,NA,NA,NA,NA,1,0,2,0,2,0,1
Acanthochelys,macrocephala,Chelidae,45.20689918,Near Threatened,NT,N,Y,NA,Y,NA,NA,NA,NA,NA,NA,NA,NA,NA,NA,NA,NA,NA,NA,NA,NA,NA
Acanthochelys,radiolata,Chelidae,45.20689918,Near Threatened,NT,N,Y,NA,Y,NA,NA,NA,NA,NA,NA,NA,NA,NA,NA,NA,NA,NA,NA,NA,NA,NA
Acanthochelys,spixii,Chelidae,45.20689918,Near Threatened,NT,N,Y,NA,Y,NA,NA,NA,NA,NA,NA,NA,NA,NA,NA,NA,NA,NA,NA,NA,NA,NA
Aldabrachelys,gigantea,Testudinidae,16.95611426,Vulnerable,T,Y,Y,NA,NA,NA,Y,NA,NA,72,1,21,2,60,6,6,272,303,256,831,0,162
Amyda,cartilaginea,Trionychidae,36.27804586,Vulnerable,T,Y,Y,NA,NA,Y,NA,NA,NA,NA,NA,8,NA,1,NA,3,2,3,27,32,0,9
Amyda,ornata,Trionychidae,36.27804586,Not Assessed,UNK,N,Y,NA,NA,Y,NA,NA,NA,NA,NA,NA,NA,NA,NA,NA,NA,NA,NA,NA,NA,NA
Astrochelys,yniphora,Testudinidae,42.86402613,Critically Endangered,T,Y,Y,NA,NA,NA,Y,NA,NA,4,NA,3,1,4,NA,4,121,191,402,714,0,12
Astrochelys,radiata,Testudinidae,42.86402613,Critically Endangered,T,Y,Y,NA,NA,NA,Y,NA,NA,67,1,16,5,78,6,6,479,453,554,1486,55,173
Batagur,kachuga,Geoemydidae,23.45279559,Critically Endangered,T,Y,Y,NA,NA,Y,NA,NA,NA,1,NA,2,NA,NA,NA,2,3,4,89,96,0,3
Batagur,trivittata,Geoemydidae,23.45279559,Critically Endangered,T,Y,Y,NA,NA,Y,NA,NA,NA,NA,NA,1,NA,NA,NA,1,9,12,0,21,0,1
Batagur,borneoensis,Geoemydidae,23.45279559,Critically Endangered,T,Y,Y,NA,NA,Y,NA,NA,NA,15,NA,6,NA,7,NA,3,53,36,106,195,11,28
Batagur,baska,Geoemydidae,22.47559578,Critically Endangered,T,Y,Y,NA,NA,Y,NA,NA,NA,3,NA,6,NA,3,NA,3,36,57,394,487,0,12
Batagur,affinis,Geoemydidae,23.45279559,Critically Endangered,T,Y,Y,NA,NA,Y,NA,NA,NA,2,NA,5,NA,2,NA,3,27,70,133,230,0,9
Batagur,dhongoka,Geoemydidae,23.45279559,Critically Endangered,T,N,Y,NA,NA,Y,NA,NA,NA,NA,NA,NA,NA,NA,NA,NA,NA,NA,NA,NA,NA,NA
Carettochelys,insculpta,Carretochelidae,149.6968609,Endangered,T,Y,Y,NA,NA,NA,NA,NA,Y,37,NA,11,NA,39,6,4,120,42,107,269,0,93
Centrochelys,sulcata,Testudinidae,16.95611426,Endangered,T,Y,Y,NA,NA,NA,Y,NA,NA,129,1,41,2,208,1,6,696,520,1241,2457,107,382
Chelodina,mccordi,Chelidae,45.3043467,Critically Endangered,T,Y,Y,NA,NA,Y,NA,NA,Y,21,NA,2,NA,26,NA,3,78,89,240,407,62,49
Chelodina,reimanni,Chelidae,45.3043467,Near Threatened,NT,Y,Y,NA,NA,Y,NA,NA,Y,2,NA,1,NA,1,NA,3,2,1,5,8,0,4
Chelodina,siebenrocki,Chelidae,NA,Not Assessed,UNK,Y,N,NA,NA,NA,NA,NA,Y,8,NA,1,NA,7,NA,3,11,22,46,79,0,16
Chelodina,novaeguineae,Chelidae,45.3043467,Least Concern,NT,Y,Y,NA,NA,NA,NA,NA,Y,NA,NA,3,NA,1,NA,3,1,4,4,9,0,4
Chelodina,longicollis,Chelidae,45.3043467,Not Assessed,UNK,Y,Y,NA,NA,NA,NA,NA,Y,11,NA,5,NA,12,23,4,37,54,181,272,25,51
Chelodina,gunaleni,Chelidae,45.3043467,Not Assessed,UNK,Y,Y,NA,NA,Y,NA,NA,Y,NA,NA,NA,NA,NA,1,1,0,0,1,1,0,1
Chelodina,steindachneri,Chelidae,45.3043467,Not Assessed,UNK,Y,Y,NA,NA,NA,NA,NA,Y,NA,NA,NA,NA,NA,1,1,0,0,1,1,0,1
Chelodina,oblonga,Chelidae,45.3043467,Near Threatened,NT,Y,Y,NA,NA,NA,NA,NA,Y,1,NA,1,NA,2,1,4,5,3,3,11,0,5
Chelodina,parkeri,Chelidae,45.3043467,Near Threatened,NT,N,Y,NA,NA,NA,NA,NA,Y,NA,NA,NA,NA,NA,NA,NA,NA,NA,NA,NA,NA,NA
Chelodina,rugosa,Chelidae,NA,Near Threatened,NT,N,N,NA,NA,NA,NA,NA,Y,NA,NA,NA,NA,NA,NA,NA,NA,NA,NA,NA,NA,NA
Chelodina,burrungandjii,Chelidae,45.3043467,Not Assessed,UNK,N,Y,NA,NA,NA,NA,NA,Y,NA,NA,NA,NA,NA,NA,NA,NA,NA,NA,NA,NA,NA
Chelodina,canni,Chelidae,45.3043467,Not Assessed,UNK,N,Y,NA,NA,NA,NA,NA,Y,NA,NA,NA,NA,NA,NA,NA,NA,NA,NA,NA,NA,NA
Chelodina,expansa,Chelidae,45.3043467,Not Assessed,UNK,N,Y,NA,NA,NA,NA,NA,Y,NA,NA,NA,NA,NA,NA,NA,NA,NA,NA,NA,NA,NA
Chelodina,kuchlingi,Chelidae,45.3043467,Not Assessed,UNK,N,Y,NA,NA,NA,NA,NA,Y,NA,NA,NA,NA,NA,NA,NA,NA,NA,NA,NA,NA,NA
Chelodina,kurrichalpongo,Chelidae,NA,Not Assessed,UNK,N,N,NA,NA,NA,NA,NA,Y,NA,NA,NA,NA,NA,NA,NA,NA,NA,NA,NA,NA,NA
Chelodina,walloyarrina,Chelidae,45.3043467,Not Assessed,UNK,N,Y,NA,NA,NA,NA,NA,Y,NA,NA,NA,NA,NA,NA,NA,NA,NA,NA,NA,NA,NA
Chelodina,pritchardi,Chelidae,45.3043467,Vulnerable,T,N,Y,NA,NA,NA,NA,NA,Y,NA,NA,NA,NA,NA,NA,NA,NA,NA,NA,NA,NA,NA
Chelonoidis,carbonarius,Testudinidae,17.14677401,Not Assessed,UNK,Y,Y,NA,Y,NA,NA,NA,NA,119,19,15,NA,127,NA,4,578,482,602,1662,81,280
Chelonoidis,niger,Testudinidae,8.653259907,Vulnerable,T,Y,Y,NA,Y,NA,NA,NA,NA,61,1,3,NA,13,3,5,71,88,168,327,11,81
Chelonoidis,chilensis,Testudinidae,10.55932645,Vulnerable,T,Y,Y,NA,Y,NA,NA,NA,NA,3,7,1,NA,3,1,5,57,44,80,181,0,15
Chelonoidis,denticulatus,Testudinidae,16.89683856,Vulnerable,T,N,Y,NA,Y,NA,NA,NA,NA,NA,NA,NA,NA,NA,NA,NA,NA,NA,NA,NA,NA,NA
Chelus,fimbriata,Chelidae,44.75215031,Not Assessed,UNK,Y,Y,NA,Y,NA,NA,NA,NA,50,3,5,NA,34,NA,4,68,42,80,190,1,92
Chelus,orinocensis,Chelidae,NA,Not Assessed,UNK,Y,N,NA,Y,NA,NA,NA,NA,NA,NA,NA,NA,1,NA,1,1,1,0,2,0,1
Chelydra,acutirostris,Chelydridae,45.30558624,Not Assessed,UNK,Y,Y,NA,Y,NA,NA,NA,NA,1,3,NA,NA,2,NA,3,13,11,36,60,0,6
Chersina,angulata,Testudinidae,16.95611426,Least Concern,NT,Y,Y,NA,NA,NA,Y,NA,NA,2,NA,NA,3,2,NA,3,22,14,10,46,1,7
Chersobius,signatus,Testudinidae,NA,Endangered,T,Y,N,NA,NA,NA,Y,NA,NA,NA,NA,NA,NA,3,NA,1,4,2,2,8,1,3
Chersobius,boulengeri,Testudinidae,NA,Endangered,T,N,N,NA,NA,NA,Y,NA,NA,NA,NA,NA,NA,NA,NA,NA,NA,NA,NA,NA,NA,0
Chersobius,solus,Testudinidae,NA,Not Assessed,UNK,N,N,NA,NA,NA,Y,NA,NA,NA,NA,NA,NA,NA,NA,NA,NA,NA,NA,NA,NA,NA
Chitra,chitra,Trionychidae,36.27804586,Critically Endangered,T,Y,Y,NA,NA,Y,NA,NA,NA,3,NA,NA,NA,NA,NA,1,2,3,0,5,0,3
Chitra,indica,Trionychidae,36.27804586,Endangered,T,Y,Y,NA,NA,Y,NA,NA,NA,1,NA,NA,NA,NA,NA,1,1,2,0,3,0,1
Chitra,vandijki,Trionychidae,36.27804586,Critically Endangered,T,N,Y,NA,NA,Y,NA,NA,NA,NA,NA,NA,NA,NA,NA,NA,NA,NA,NA,NA,NA,NA
Cuora,pani,Geoemydidae,15.86129684,Critically Endangered,T,Y,Y,NA,NA,Y,NA,NA,NA,14,NA,NA,NA,NA,NA,1,13,13,45,71,4,14
Cuora,flavomarginata,Geoemydidae,15.27680897,Endangered,T,Y,Y,NA,NA,Y,NA,NA,NA,14,NA,8,NA,12,NA,3,54,55,34,143,0,34
Cuora,cyclornata,Geoemydidae,NA,Not Assessed,UNK,Y,N,NA,NA,Y,NA,NA,NA,NA,NA,NA,NA,8,NA,1,6,10,67,83,8,8
Cuora,galbinifrons,Geoemydidae,17.60308994,Critically Endangered,T,Y,Y,NA,NA,Y,NA,NA,NA,11,NA,5,NA,8,NA,3,20,35,33,88,6,24
Cuora,mouhotii,Geoemydidae,17.88506368,Endangered,T,Y,Y,NA,NA,Y,NA,NA,NA,6,NA,4,NA,8,NA,3,14,20,27,61,1,18
Cuora,bourreti,Geoemydidae,17.62182514,Critically Endangered,T,Y,Y,NA,NA,Y,NA,NA,NA,6,NA,2,NA,7,NA,3,14,18,51,83,9,15
Cuora,zhoui,Geoemydidae,17.62182514,Critically Endangered,T,Y,Y,NA,NA,Y,NA,NA,NA,NA,NA,NA,NA,5,NA,1,2,16,23,41,6,5
Cuora,mccordi,Geoemydidae,17.62182514,Critically Endangered,T,Y,Y,NA,NA,Y,NA,NA,NA,14,NA,NA,NA,4,NA,2,25,32,75,132,19,18
Cuora,picturata,Geoemydidae,17.62182514,Critically Endangered,T,Y,Y,NA,NA,Y,NA,NA,NA,2,NA,1,NA,2,NA,3,7,7,29,43,1,5
Cuora,aurocapitata,Geoemydidae,15.50770062,Critically Endangered,T,Y,Y,NA,NA,Y,NA,NA,NA,4,NA,NA,NA,1,NA,2,12,17,36,65,11,5
Cuora,trifasciata,Geoemydidae,17.62182514,Critically Endangered,T,Y,Y,NA,NA,Y,NA,NA,NA,14,NA,9,NA,2,2,4,81,129,220,430,27,27
Cuora,amboinensis,Geoemydidae,19.31015847,Endangered,T,Y,Y,NA,NA,Y,NA,NA,NA,13,1,19,NA,36,1,4,101,118,449,668,77,70
Cuora,yunnanensis,Geoemydidae,17.62182514,Critically Endangered,T,N,Y,NA,NA,Y,NA,NA,NA,NA,NA,NA,NA,NA,NA,NA,NA,NA,NA,NA,NA,NA
Cyclanorbis,elegans,Trionychidae,30.99510856,Critically Endangered,T,N,Y,NA,NA,NA,Y,NA,NA,NA,NA,NA,NA,NA,NA,NA,NA,NA,NA,NA,NA,NA
Cyclanorbis,senegalensis,Trionychidae,30.99510856,Vulnerable,T,N,Y,NA,NA,NA,Y,NA,NA,NA,NA,NA,NA,NA,NA,NA,NA,NA,NA,NA,NA,NA
Cyclemys,oldhami,Geoemydidae,19.77165977,Endangered,T,Y,Y,NA,NA,Y,NA,NA,NA,1,NA,4,NA,NA,NA,2,7,10,3,20,0,5
Cyclemys,atripons,Geoemydidae,19.77165977,Endangered,T,Y,Y,NA,NA,Y,NA,NA,NA,1,NA,1,NA,NA,NA,2,3,1,0,4,0,2
Cyclemys,dentata,Geoemydidae,19.77165977,Near Threatened,NT,Y,Y,NA,NA,Y,NA,NA,NA,2,NA,10,NA,13,NA,3,18,28,78,124,5,25
Cyclemys,pulchristriata,Geoemydidae,19.77165977,Endangered,T,Y,Y,NA,NA,Y,NA,NA,NA,NA,NA,NA,NA,2,NA,1,2,4,4,10,0,2
Cyclemys,gemeli,Geoemydidae,19.77165977,Near Threatened,NT,N,Y,NA,NA,Y,NA,NA,NA,NA,NA,NA,NA,NA,NA,NA,NA,NA,NA,NA,NA,NA
Cyclemys,enigmatica,Geoemydidae,19.77165977,Not Assessed,UNK,N,Y,NA,NA,Y,NA,NA,NA,NA,NA,NA,NA,NA,NA,NA,NA,NA,NA,NA,NA,NA
Cyclemys,fusca,Geoemydidae,19.77165977,Not Assessed,UNK,N,Y,NA,NA,Y,NA,NA,NA,NA,NA,NA,NA,NA,NA,NA,NA,NA,NA,NA,NA,NA
Cycloderma,aubryi,Trionychidae,30.99510856,Vulnerable,T,Y,Y,NA,NA,NA,Y,NA,NA,1,NA,NA,NA,NA,NA,1,2,2,0,4,0,1
Cycloderma,frenatum,Trionychidae,30.99510856,Not Assessed,UNK,N,Y,NA,NA,NA,Y,NA,NA,NA,NA,NA,NA,NA,NA,NA,NA,NA,NA,NA,NA,NA
Dermatemys,mawii,Dermatemydidae,78.69960055,Critically Endangered,T,Y,Y,NA,y,NA,NA,NA,NA,4,NA,NA,NA,1,NA,2,1,1,5,7,0,5
Dogania,subplana,Trionychidae,32.54505577,Least Concern,NT,Y,Y,NA,NA,Y,NA,NA,NA,NA,NA,1,NA,NA,NA,1,0,0,1,1,0,1
Elseya,novaeguineae,Chelidae,47.19202782,Least Concern,NT,Y,Y,NA,NA,NA,NA,NA,Y,1,NA,NA,NA,5,NA,2,6,7,9,22,0,6
Elseya,branderhorsti,Chelidae,47.19202782,Vulnerable,T,Y,Y,NA,NA,NA,NA,NA,Y,NA,NA,2,NA,4,NA,2,5,11,11,27,0,6
Elseya,dentata,Chelidae,47.19202782,Not Assessed,UNK,Y,Y,NA,NA,NA,NA,NA,Y,NA,NA,NA,NA,NA,2,1,4,3,0,7,0,2
Elseya,albagula,Chelidae,47.19202782,Not Assessed,UNK,Y,Y,NA,NA,NA,NA,NA,Y,NA,NA,NA,NA,NA,1,1,1,1,1,3,0,1
Elseya,caelatus,Chelidae,NA,Not Assessed,UNK,N,N,NA,NA,NA,NA,NA,Y,NA,NA,NA,NA,NA,NA,NA,NA,NA,NA,NA,NA,NA
Elseya,flaviventralis,Chelidae,47.19202782,Not Assessed,UNK,N,Y,NA,NA,NA,NA,NA,Y,NA,NA,NA,NA,NA,NA,NA,NA,NA,NA,NA,NA,NA
Elseya,irwini,Chelidae,47.19202782,Not Assessed,UNK,N,Y,NA,NA,NA,NA,NA,Y,NA,NA,NA,NA,NA,NA,NA,NA,NA,NA,NA,NA,NA
Elseya,lavarackorum,Chelidae,47.19202782,Not Assessed,UNK,N,Y,NA,NA,NA,NA,NA,Y,NA,NA,NA,NA,NA,NA,NA,NA,NA,NA,NA,NA,NA
Elseya,orestiad,Chelidae,NA,Not Assessed,UNK,N,N,NA,NA,NA,NA,NA,Y,NA,NA,NA,NA,NA,NA,NA,NA,NA,NA,NA,NA,NA
Elseya,rhodini,Chelidae,47.19202782,Not Assessed,UNK,N,Y,NA,NA,NA,NA,NA,Y,NA,NA,NA,NA,NA,NA,NA,NA,NA,NA,NA,NA,NA
Elseya,schultzei,Chelidae,47.19202782,Not Assessed,UNK,N,Y,NA,NA,NA,NA,NA,Y,NA,NA,NA,NA,NA,NA,NA,NA,NA,NA,NA,NA,NA
Elusor,macrurus,Chelidae,45.20689918,Endangered,T,Y,Y,NA,NA,NA,NA,NA,Y,3,NA,NA,NA,NA,5,2,13,7,13,33,0,8
Emydura,australis,Chelidae,NA,Not Assessed,UNK,Y,N,NA,NA,NA,NA,NA,Y,1,NA,1,NA,1,NA,3,1,4,8,13,0,3
Emydura,macquarii,Chelidae,45.20689918,Not Assessed,UNK,Y,Y,NA,NA,NA,NA,NA,Y,7,NA,NA,NA,2,23,3,40,42,154,236,5,32
Emydura,victoriae,Chelidae,45.20689918,Not Assessed,UNK,Y,Y,NA,NA,NA,NA,NA,Y,NA,NA,NA,NA,NA,3,1,5,6,2,13,1,3
Emydura,tanybaraga,Chelidae,45.20689918,Not Assessed,UNK,Y,Y,NA,NA,NA,NA,NA,Y,2,NA,NA,NA,NA,2,2,6,4,50,60,0,4
Emydura,subglobosa,Chelidae,45.20689918,Not Assessed,UNK,Y,Y,NA,NA,NA,NA,NA,Y,15,NA,4,NA,26,2,4,46,73,115,234,10,47
Emydura,gunaleni,Chelidae,NA,Not Assessed,UNK,N,N,NA,NA,NA,NA,NA,Y,NA,NA,NA,NA,NA,NA,NA,NA,NA,NA,NA,NA,NA
Emys,orbicularis,Emydidae,13.30941505,Near Threatened,NT,Y,Y,NA,NA,NA,NA,Y,NA,4,NA,1,NA,121,NA,3,272,327,1344,1943,172,126
Emys,trinacris,Emydidae,13.36065909,Data Deficient,UNK,N,Y,NA,NA,NA,NA,Y,NA,NA,NA,NA,NA,NA,NA,NA,NA,NA,NA,NA,NA,NA
Erymnochelys,madagascariensis,Podocnemididae,96.7814642,Critically Endangered,T,Y,Y,NA,NA,NA,Y,NA,NA,8,NA,NA,NA,4,NA,2,17,9,16,42,0,12
Geochelone,platynota,Testudinidae,16.95611426,Critically Endangered,T,Y,Y,NA,NA,Y,NA,NA,NA,19,NA,7,NA,9,NA,3,96,60,113,269,63,35
Geochelone,elegans,Testudinidae,16.95611426,Vulnerable,T,Y,Y,NA,NA,Y,NA,NA,NA,33,NA,27,NA,29,8,4,255,260,229,744,13,97
Geoclemys,hamiltonii,Geoemydidae,18.44855405,Endangered,T,Y,Y,NA,NA,Y,NA,NA,NA,15,NA,9,NA,10,NA,3,74,152,124,350,4,34
Geoemyda,spengleri,Geoemydidae,37.65689504,Endangered,T,Y,Y,NA,NA,Y,NA,NA,NA,31,NA,NA,NA,12,NA,2,78,98,87,263,5,43
Geoemyda,japonica,Geoemydidae,37.65689504,Endangered,T,Y,Y,NA,NA,Y,NA,NA,NA,1,NA,NA,NA,2,NA,2,6,7,11,24,1,3
Hardella,thurjii,Geoemydidae,18.44855405,Endangered,T,Y,Y,NA,NA,Y,NA,NA,NA,NA,NA,2,NA,3,NA,2,9,3,2,14,0,5
Heosemys,depressa,Geoemydidae,21.62525287,Critically Endangered,T,Y,Y,NA,NA,Y,NA,NA,NA,6,NA,1,NA,NA,NA,2,8,12,9,29,0,7
Heosemys,grandis,Geoemydidae,21.62525287,Critically Endangered,T,Y,Y,NA,NA,Y,NA,NA,NA,8,NA,12,NA,17,NA,3,91,99,230,420,38,37
Heosemys,annandalii,Geoemydidae,21.62525287,Critically Endangered,T,Y,Y,NA,NA,Y,NA,NA,NA,7,NA,10,NA,5,NA,3,67,71,90,228,5,22
Heosemys,spinosa,Geoemydidae,21.62525287,Endangered,T,Y,Y,NA,NA,Y,NA,NA,NA,12,NA,5,NA,18,1,4,47,44,69,160,4,36
Homopus,areolatus,Testudinidae,16.95611426,Least Concern,NT,Y,Y,NA,NA,NA,Y,NA,NA,1,NA,NA,NA,NA,NA,1,1,1,2,4,2,1
Homopus,femoralis,Testudinidae,16.95611426,Endangered,T,Y,Y,NA,NA,NA,Y,NA,NA,NA,NA,NA,1,1,NA,2,0,1,3,4,0,2
Hydromedusa,tectifera,Chelidae,45.20689918,Not Assessed,UNK,Y,Y,NA,Y,NA,NA,NA,NA,NA,2,NA,NA,1,NA,2,2,4,0,6,0,3
Hydromedusa,maximiliani,Chelidae,45.20689918,Vulnerable,T,N,Y,NA,Y,NA,NA,NA,NA,NA,NA,NA,NA,NA,NA,NA,NA,NA,NA,NA,NA,NA
Indotestudo,travancorica,Testudinidae,19.24947608,Vulnerable,T,Y,Y,NA,NA,Y,NA,NA,NA,1,NA,1,NA,NA,NA,2,4,14,16,34,0,2
Indotestudo,forstenii,Testudinidae,19.24947608,Critically Endangered,T,Y,Y,NA,NA,Y,NA,NA,NA,10,NA,1,NA,2,NA,3,34,32,14,80,3,13
Indotestudo,elongata,Testudinidae,18.60782688,Critically Endangered,T,Y,Y,NA,NA,Y,NA,NA,NA,9,NA,16,NA,23,4,4,205,214,491,910,85,52
Kinixys,lobatsiana,Testudinidae,16.95611426,Vulnerable,T,Y,Y,NA,NA,NA,Y,NA,NA,NA,NA,NA,2,NA,NA,1,0,1,4,5,0,2
Kinixys,zombensis,Testudinidae,16.95611426,Not Assessed,UNK,Y,Y,NA,NA,NA,Y,NA,NA,NA,NA,NA,1,NA,NA,1,0,0,1,1,0,1
Kinixys,erosa,Testudinidae,16.95611426,Data Deficient,UNK,Y,Y,NA,NA,NA,Y,NA,NA,6,NA,NA,NA,9,NA,2,10,17,13,40,3,15
Kinixys,homeana,Testudinidae,16.95611426,Critically Endangered,T,Y,Y,NA,NA,NA,Y,NA,NA,16,NA,1,NA,8,NA,3,35,31,59,125,8,25
Kinixys,spekii,Testudinidae,16.95611426,Not Assessed,UNK,Y,Y,NA,NA,NA,Y,NA,NA,NA,NA,NA,2,3,NA,3,5,2,6,13,0,5
Kinixys,natalensis,Testudinidae,16.95611426,Vulnerable,T,Y,Y,NA,NA,NA,Y,NA,NA,NA,NA,NA,2,NA,1,2,0,0,6,6,0,3
Kinixys,belliana,Testudinidae,16.95611426,Not Assessed,UNK,Y,Y,NA,NA,NA,Y,NA,NA,8,NA,1,5,18,1,5,41,31,41,113,7,33
Kinixys,nogueyi,Testudinidae,16.95611426,Not Assessed,UNK,N,Y,NA,NA,NA,Y,NA,NA,NA,NA,NA,NA,NA,NA,NA,NA,NA,NA,NA,NA,NA
Kinosternon,dunni,Kinosternidae,38.4747843,Vulnerable,T,Y,Y,NA,Y,NA,NA,NA,NA,1,NA,NA,NA,NA,NA,1,1,0,1,2,0,1
Leucocephalon,yuwonoi,Geoemydidae,18.44855405,Critically Endangered,T,Y,Y,NA,NA,Y,NA,NA,NA,10,NA,1,NA,2,NA,3,30,29,32,91,4,13
Lissemys,scutata,Trionychidae,31.23067618,Least Concern,NT,Y,Y,NA,NA,Y,NA,NA,NA,NA,NA,1,NA,NA,NA,1,0,0,1,1,0,1
Lissemys,punctata,Trionychidae,30.18965364,Vulnerable,T,Y,Y,NA,NA,Y,NA,NA,NA,3,NA,13,NA,1,NA,3,39,43,120,202,0,17
Lissemys,ceylonensis,Trionychidae,31.23067618,Not Assessed,UNK,N,Y,NA,NA,Y,NA,NA,NA,NA,NA,NA,NA,NA,NA,NA,NA,NA,NA,NA,NA,NA
Malacochersus,tornieri,Testudinidae,19.99581504,Critically Endangered,T,Y,Y,NA,NA,NA,Y,NA,NA,76,NA,6,1,70,NA,4,234,236,196,666,17,153
Malayemys,subtrijuga,Geoemydidae,18.44855405,Near Threatened,NT,Y,Y,NA,NA,Y,NA,NA,NA,1,NA,2,NA,NA,NA,2,1,3,3,7,0,3
Malayemys,khoratensis,Geoemydidae,NA,Least Concern,NT,Y,N,NA,NA,Y,NA,NA,NA,NA,NA,1,NA,NA,NA,1,0,1,0,1,0,1
Malayemys,macrocephala,Geoemydidae,18.44855405,Least Concern,NT,N,Y,NA,NA,Y,NA,NA,NA,NA,NA,NA,NA,NA,NA,NA,NA,NA,NA,NA,NA,NA
Manouria,impressa,Testudinidae,25.81106436,Endangered,T,Y,Y,NA,NA,Y,NA,NA,NA,5,NA,5,NA,1,NA,3,7,13,6,26,2,11
Manouria,emys,Testudinidae,25.95457089,Critically Endangered,T,Y,Y,NA,NA,Y,NA,NA,NA,44,NA,13,NA,14,1,4,64,116,178,358,11,72
Mauremys,caspica,Geoemydidae,16.87143774,Not Assessed,UNK,Y,Y,NA,NA,Y,NA,Y,NA,NA,NA,3,NA,4,NA,2,2,7,37,46,0,7
Mauremys,rivulata,Geoemydidae,16.58647192,Not Assessed,UNK,Y,Y,NA,NA,Y,NA,Y,NA,NA,NA,4,NA,2,NA,2,0,1,31,32,0,6
Mauremys,leprosa,Geoemydidae,17.47067466,Not Assessed,UNK,Y,Y,NA,NA,NA,NA,Y,NA,NA,NA,NA,1,12,NA,2,29,12,138,179,18,13
Mauremys,reevesii,Geoemydidae,18.49311106,Endangered,T,Y,Y,NA,NA,Y,NA,NA,NA,6,NA,10,NA,30,NA,3,24,25,266,315,0,46
Mauremys,annamensis,Geoemydidae,18.27942578,Critically Endangered,T,Y,Y,NA,NA,Y,NA,NA,NA,9,NA,4,NA,28,NA,3,62,77,85,224,6,41
Mauremys,sinensis,Geoemydidae,18.27942578,Critically Endangered,T,Y,Y,NA,NA,Y,NA,NA,NA,7,NA,11,NA,27,NA,3,52,76,186,314,0,45
Mauremys,mutica,Geoemydidae,18.81289803,Critically Endangered,T,Y,Y,NA,NA,Y,NA,NA,NA,3,NA,9,NA,5,NA,3,20,12,145,177,0,17
Mauremys,nigricans,Geoemydidae,18.27942578,Endangered,T,Y,Y,NA,NA,Y,NA,NA,NA,5,NA,1,NA,2,NA,3,7,9,21,37,0,8
Mauremys,japonica,Geoemydidae,18.27942578,Near Threatened,NT,Y,Y,NA,NA,Y,NA,NA,NA,4,NA,10,NA,1,NA,3,5,8,56,69,6,15
Melanochelys,trijuga,Geoemydidae,35.02489504,Least Concern,NT,Y,Y,NA,NA,Y,NA,NA,NA,4,NA,6,NA,5,NA,3,70,72,32,174,0,15
Melanochelys,tricarinata,Geoemydidae,35.02489504,Endangered,T,Y,Y,NA,NA,Y,NA,NA,NA,NA,NA,3,NA,4,NA,2,43,22,70,135,4,7
Mesoclemmys,vanderhaegei,Chelidae,45.20689918,Near Threatened,NT,Y,Y,NA,Y,NA,NA,NA,NA,NA,2,NA,NA,NA,NA,1,1,4,2,7,0,2
Mesoclemmys,tuberculata,Chelidae,45.20689918,Not Assessed,UNK,Y,Y,NA,Y,NA,NA,NA,NA,NA,2,NA,NA,NA,NA,1,5,9,10,24,0,2
Mesoclemmys,dahli,Chelidae,45.20689918,Critically Endangered,T,Y,Y,NA,Y,NA,NA,NA,NA,NA,1,NA,NA,NA,NA,1,1,0,0,1,0,1
Mesoclemmys,nasuta,Chelidae,45.20689918,Not Assessed,UNK,Y,Y,NA,Y,NA,NA,NA,NA,2,2,NA,NA,4,NA,3,2,8,16,26,0,8
Mesoclemmys,raniceps,Chelidae,45.20689918,Not Assessed,UNK,Y,Y,NA,Y,NA,NA,NA,NA,NA,NA,NA,NA,2,NA,1,2,2,1,5,0,2
Mesoclemmys,zuliae,Chelidae,45.20689918,Vulnerable,T,Y,Y,NA,Y,NA,NA,NA,NA,NA,NA,NA,NA,1,NA,1,0,0,1,1,0,1
Mesoclemmys,gibba,Chelidae,45.20689918,Not Assessed,UNK,Y,Y,NA,Y,NA,NA,NA,NA,2,1,2,NA,1,NA,4,4,2,5,11,0,6
Mesoclemmys,jurutiensis,Chelidae,NA,Not Assessed,UNK,N,N,NA,Y,NA,NA,NA,NA,NA,NA,NA,NA,NA,NA,NA,NA,NA,NA,NA,NA,NA
Mesoclemmys,perplexa,Chelidae,45.20689918,Not Assessed,UNK,N,Y,NA,Y,NA,NA,NA,NA,NA,NA,NA,NA,NA,NA,NA,NA,NA,NA,NA,NA,NA
Mesoclemmys,wermuthi,Chelidae,NA,Not Assessed,UNK,N,N,NA,Y,NA,NA,NA,NA,NA,NA,NA,NA,NA,NA,NA,NA,NA,NA,NA,NA,NA
Morenia,ocellata,Geoemydidae,18.44855405,Endangered,T,Y,Y,NA,NA,Y,NA,NA,NA,NA,NA,1,NA,NA,NA,1,0,0,1,1,0,1
Morenia,petersi,Geoemydidae,18.44855405,Endangered,T,N,Y,NA,NA,Y,NA,NA,NA,NA,NA,NA,NA,NA,NA,NA,NA,NA,NA,NA,NA,NA
Myuchelys,latisternum,Chelidae,45.20689918,Not Assessed,UNK,Y,Y,NA,NA,NA,NA,NA,Y,2,NA,NA,NA,1,8,3,3,7,37,47,5,11
Myuchelys,(=Elseya),Chelidae,45.20689918,Data Deficient,UNK,Y,Y,NA,NA,NA,NA,NA,Y,NA,NA,NA,NA,NA,3,1,24,15,146,185,60,3
Myuchelys,bellii,Chelidae,45.20689918,Endangered,T,Y,Y,NA,NA,NA,NA,NA,Y,NA,NA,NA,NA,NA,1,1,0,0,2,2,0,1
Myuchelys,(=Elseya),Chelidae,NA,Not Assessed,UNK,Y,N,NA,NA,NA,NA,NA,Y,NA,NA,NA,NA,NA,1,1,0,0,11,11,0,1
Natator,depressus,Cheloniidae,48.72868293,Data Deficient,UNK,N,Y,NA,NA,NA,NA,NA,Y,NA,NA,NA,NA,NA,NA,NA,NA,NA,NA,NA,NA,NA
Nilssonia,gangetica,Trionychidae,36.27804586,Not Assessed,UNK,Y,Y,NA,NA,Y,NA,NA,NA,1,NA,2,NA,NA,NA,2,1,0,2,3,0,3
Nilssonia,leithii,Trionychidae,36.27804586,Critically Endangered,T,Y,Y,NA,NA,Y,NA,NA,NA,NA,NA,1,NA,NA,NA,1,0,0,1,1,0,1
Nilssonia,hurum,Trionychidae,36.27804586,Endangered,T,Y,Y,NA,NA,Y,NA,NA,NA,NA,NA,1,NA,1,NA,2,1,1,0,2,0,2
Nilssonia,formosa,Trionychidae,36.27804586,Critically Endangered,T,N,Y,NA,NA,Y,NA,NA,NA,NA,NA,NA,NA,NA,NA,NA,NA,NA,NA,NA,NA,NA
Nilssonia,nigricans,Trionychidae,NA,Critically Endangered,T,N,N,NA,NA,Y,NA,NA,NA,NA,NA,NA,NA,NA,NA,NA,NA,NA,NA,NA,NA,NA
Notochelys,platynota,Geoemydidae,18.44855405,Vulnerable,T,Y,Y,NA,NA,Y,NA,NA,NA,1,NA,2,NA,2,NA,3,6,3,1,10,0,5
Orlitia,borneensis,Geoemydidae,18.44855405,Critically Endangered,T,Y,Y,NA,NA,Y,NA,NA,NA,17,NA,4,NA,19,NA,3,50,57,39,146,3,40
Palea,steindachneri,Trionychidae,36.22070022,Critically Endangered,T,N,Y,NA,NA,Y,NA,NA,NA,NA,NA,NA,NA,NA,NA,NA,NA,NA,NA,NA,NA,NA
Pangshura,sylhetensis,Geoemydidae,18.44855405,Critically Endangered,T,Y,Y,NA,NA,Y,NA,NA,NA,1,NA,NA,NA,NA,NA,1,0,1,0,1,0,1
Pangshura,tentoria,Geoemydidae,18.44855405,Least Concern,NT,Y,Y,NA,NA,Y,NA,NA,NA,NA,NA,3,NA,NA,NA,1,1,2,22,25,0,3
Pangshura,tecta,Geoemydidae,18.44855405,Vulnerable,T,Y,Y,NA,NA,Y,NA,NA,NA,2,NA,6,NA,1,NA,3,5,6,125,136,16,9
Pangshura,smithii,Geoemydidae,18.44855405,Near Threatened,NT,Y,Y,NA,NA,Y,NA,NA,NA,NA,NA,2,NA,1,NA,2,2,4,24,30,5,3
Pelochelys,bibroni,Trionychidae,36.27804586,Vulnerable,T,Y,Y,NA,NA,Y,NA,NA,NA,NA,NA,1,NA,NA,NA,1,0,0,14,14,0,1
Pelochelys,cantorii,Trionychidae,36.27804586,Critically Endangered,T,Y,Y,NA,NA,Y,NA,NA,NA,NA,NA,NA,NA,2,NA,1,1,0,3,4,0,2
Pelochelys,signifera,Trionychidae,36.27804586,Vulnerable,T,N,Y,NA,NA,NA,NA,NA,Y,NA,NA,NA,NA,NA,NA,NA,NA,NA,NA,NA,NA,NA
Pelodiscus,sinensis,Trionychidae,48.5890488,Vulnerable,T,Y,Y,NA,NA,Y,NA,NA,NA,1,NA,12,1,37,NA,4,23,19,66,108,0,51
Pelodiscus,axenaria,Trionychidae,48.5890488,Not Assessed,UNK,N,Y,NA,NA,Y,NA,NA,NA,NA,NA,NA,NA,NA,NA,NA,NA,NA,NA,NA,NA,NA
Pelodiscus,huangshanensis,Trionychidae,NA,Not Assessed,UNK,N,N,NA,NA,Y,NA,NA,NA,NA,NA,NA,NA,NA,NA,NA,NA,NA,NA,NA,NA,NA
Pelodiscus,maackii,Trionychidae,48.5890488,Not Assessed,UNK,N,Y,NA,NA,Y,NA,NA,NA,NA,NA,NA,NA,NA,NA,NA,NA,NA,NA,NA,NA,0
Pelodiscus,parviformis,Trionychidae,48.5890488,Not Assessed,UNK,N,Y,NA,NA,Y,NA,NA,NA,NA,NA,NA,NA,NA,NA,NA,NA,NA,NA,NA,NA,0
Pelodiscus,variegatus,Trionychidae,NA,Not Assessed,UNK,N,N,NA,NA,Y,NA,NA,NA,NA,NA,NA,NA,NA,NA,NA,NA,NA,NA,NA,NA,NA
Pelomedusa,galeata,Pelomedusidae,45.63312081,Least Concern,NT,Y,Y,NA,NA,NA,Y,NA,NA,NA,NA,NA,1,NA,NA,1,8,20,6,34,7,1
Pelomedusa,gehafie,Pelomedusidae,45.63312081,Least Concern,NT,Y,Y,NA,NA,NA,Y,NA,NA,9,NA,1,2,31,NA,4,28,37,85,150,0,43
Pelomedusa,barbata,Pelomedusidae,45.63312081,Not Assessed,UNK,N,Y,NA,NA,NA,Y,NA,NA,NA,NA,NA,NA,NA,NA,NA,NA,NA,NA,NA,NA,NA
Pelomedusa,kobe,Pelomedusidae,45.63312081,Not Assessed,UNK,N,Y,NA,NA,NA,Y,NA,NA,NA,NA,NA,NA,NA,NA,NA,NA,NA,NA,NA,NA,NA
Pelomedusa,neumanni,Pelomedusidae,45.63312081,Not Assessed,UNK,N,Y,NA,NA,NA,Y,NA,NA,NA,NA,NA,NA,NA,NA,NA,NA,NA,NA,NA,NA,NA
Pelomedusa,olivacea,Pelomedusidae,45.63312081,Not Assessed,UNK,N,Y,NA,NA,NA,Y,NA,NA,NA,NA,NA,NA,NA,NA,NA,NA,NA,NA,NA,NA,NA
Pelomedusa,schweinfurthi,Pelomedusidae,45.63312081,Not Assessed,UNK,N,Y,NA,NA,NA,Y,NA,NA,NA,NA,NA,NA,NA,NA,NA,NA,NA,NA,NA,NA,NA
Pelomedusa,somalica,Pelomedusidae,45.63312081,Not Assessed,UNK,N,Y,NA,NA,NA,Y,NA,NA,NA,NA,NA,NA,NA,NA,NA,NA,NA,NA,NA,NA,NA
Pelomedusa,subrufa,Pelomedusidae,45.63312081,Not Assessed,UNK,N,Y,NA,NA,NA,Y,NA,NA,NA,NA,NA,NA,NA,NA,NA,NA,NA,NA,NA,NA,NA
Pelomedusa,variabilis,Pelomedusidae,45.63312081,Not Assessed,UNK,N,Y,NA,NA,NA,Y,NA,NA,NA,NA,NA,NA,NA,NA,NA,NA,NA,NA,NA,NA,NA
Peltocephalus,dumerilianus,Podocnemididae,96.7814642,Vulnerable,T,Y,Y,NA,Y,NA,NA,NA,NA,4,1,NA,NA,NA,NA,2,0,0,10,10,0,5
Pelusios,nanus,Pelomedusidae,43.92492913,Not Assessed,UNK,Y,Y,NA,NA,NA,Y,NA,NA,1,NA,NA,NA,NA,NA,1,1,1,0,2,0,1
Pelusios,sinuatus,Pelomedusidae,43.92492913,Not Assessed,UNK,Y,Y,NA,NA,NA,Y,NA,NA,3,NA,NA,1,NA,NA,2,2,3,5,10,0,4
Pelusios,castaneus,Pelomedusidae,43.92492913,Not Assessed,UNK,Y,Y,NA,NA,NA,Y,NA,NA,7,NA,2,NA,19,NA,3,26,44,57,127,2,28
Pelusios,subniger,Pelomedusidae,43.92492913,Least Concern,NT,Y,Y,NA,NA,NA,Y,NA,NA,10,NA,1,NA,6,NA,3,14,22,13,49,10,17
Pelusios,niger,Pelomedusidae,43.92492913,Near Threatened,NT,Y,Y,NA,NA,NA,Y,NA,NA,1,NA,1,NA,4,NA,3,3,4,9,16,0,6
Pelusios,adansonii,Pelomedusidae,43.92492913,Not Assessed,UNK,Y,Y,NA,NA,NA,Y,NA,NA,NA,NA,NA,NA,1,NA,1,0,0,1,1,0,1
Pelusios,carinatus,Pelomedusidae,43.92492913,Not Assessed,UNK,Y,Y,NA,NA,NA,Y,NA,NA,NA,NA,NA,NA,1,NA,1,0,0,12,12,0,1
Pelusios,chapini,Pelomedusidae,43.92492913,Not Assessed,UNK,Y,Y,NA,NA,NA,Y,NA,NA,NA,NA,NA,NA,1,NA,1,0,0,1,1,0,1
Pelusios,broadleyi,Pelomedusidae,43.92492913,Vulnerable,T,Y,Y,NA,NA,NA,Y,NA,NA,NA,NA,NA,NA,1,NA,1,2,0,0,2,0,1
Pelusios,marani,Pelomedusidae,43.92492913,Not Assessed,UNK,Y,Y,NA,NA,NA,Y,NA,NA,2,NA,NA,NA,1,NA,2,0,0,4,4,0,3
Pelusios,castanoides,Pelomedusidae,43.92492913,Least Concern,NT,Y,Y,NA,NA,NA,Y,NA,NA,1,NA,NA,NA,1,NA,2,2,3,0,5,0,2
Pelusios,gabonensis,Pelomedusidae,43.92492913,Not Assessed,UNK,Y,Y,NA,NA,NA,Y,NA,NA,1,NA,NA,NA,1,NA,2,0,1,1,2,0,2
Pelusios,upembae,Pelomedusidae,43.92492913,Data Deficient,UNK,N,Y,NA,NA,NA,Y,NA,NA,NA,NA,NA,NA,NA,NA,NA,NA,NA,NA,NA,NA,NA
Pelusios,rhodesianus,Pelomedusidae,43.92492913,Least Concern,NT,N,Y,NA,NA,NA,Y,NA,NA,NA,NA,NA,NA,NA,NA,NA,NA,NA,NA,NA,NA,NA
Pelusios,bechuanicus,Pelomedusidae,43.92492913,Not Assessed,UNK,N,Y,NA,NA,NA,Y,NA,NA,NA,NA,NA,NA,NA,NA,NA,NA,NA,NA,NA,NA,NA
Pelusios,cupulatta,Pelomedusidae,43.92492913,Not Assessed,UNK,N,Y,NA,NA,NA,Y,NA,NA,NA,NA,NA,NA,NA,NA,NA,NA,NA,NA,NA,NA,NA
Pelusios,williamsi,Pelomedusidae,43.92492913,Not Assessed,UNK,N,Y,NA,NA,NA,Y,NA,NA,NA,NA,NA,NA,NA,NA,NA,NA,NA,NA,NA,NA,NA
Phrynops,hilarii,Chelidae,52.63478129,Not Assessed,UNK,Y,Y,NA,Y,NA,NA,NA,NA,14,4,1,NA,11,NA,4,64,84,23,171,3,30
Phrynops,geoffroanus,Chelidae,52.63478129,Not Assessed,UNK,Y,Y,NA,Y,NA,NA,NA,NA,3,6,NA,NA,8,NA,3,44,26,13,83,0,17
Phrynops,tuberosus,Chelidae,52.63478129,Not Assessed,UNK,N,Y,NA,Y,NA,NA,NA,NA,NA,NA,NA,NA,NA,NA,NA,NA,NA,NA,NA,NA,NA
Phrynops,williamsi,Chelidae,52.63478129,Vulnerable,T,N,Y,NA,Y,NA,NA,NA,NA,NA,NA,NA,NA,NA,NA,NA,NA,NA,NA,NA,NA,NA
Platemys,platycephala,Chelidae,45.20689918,Not Assessed,UNK,Y,Y,NA,Y,NA,NA,NA,NA,4,1,NA,NA,10,1,4,19,9,13,41,1,16
Platysternon,megacephalum,Platysternidae,74.57756946,Critically Endangered,T,Y,Y,NA,NA,Y,NA,NA,NA,10,NA,4,NA,5,NA,3,17,21,41,79,17,19
Podocnemis,vogli,Podocnemididae,46.65079753,Not Assessed,UNK,Y,Y,NA,Y,NA,NA,NA,NA,6,3,NA,NA,NA,NA,2,14,10,10,34,0,9
Podocnemis,lewyana,Podocnemididae,39.45163086,Critically Endangered,T,Y,Y,NA,Y,NA,NA,NA,NA,NA,2,NA,NA,NA,NA,1,20,9,14,43,0,2
Podocnemis,unifilis,Podocnemididae,40.95163086,Vulnerable,T,Y,Y,NA,Y,NA,NA,NA,NA,40,8,2,1,21,NA,5,215,97,248,560,27,72
Podocnemis,expansa,Podocnemididae,54.91479753,Not Assessed,UNK,Y,Y,NA,Y,NA,NA,NA,NA,25,5,NA,NA,6,NA,3,79,67,84,230,0,36
Podocnemis,sextuberculata,Podocnemididae,43.83829753,Vulnerable,T,Y,Y,NA,Y,NA,NA,NA,NA,NA,NA,NA,NA,1,NA,1,0,0,1,1,0,1
Podocnemis,erythrocephala,Podocnemididae,39.45163086,Vulnerable,T,Y,Y,NA,Y,NA,NA,NA,NA,4,3,NA,NA,1,NA,3,13,7,5,25,0,8
Psammobates,geometricus,Testudinidae,16.95611426,Critically Endangered,T,N,Y,NA,NA,NA,Y,NA,NA,NA,NA,NA,NA,NA,NA,NA,NA,NA,NA,NA,NA,NA
Psammobates,tentorius,Testudinidae,16.95611426,Near Threatened,NT,N,Y,NA,NA,NA,Y,NA,NA,NA,NA,NA,NA,NA,NA,NA,NA,NA,NA,NA,NA,NA
Psammobates,oculiferus,Testudinidae,16.95611426,Not Assessed,UNK,N,Y,NA,NA,NA,Y,NA,NA,NA,NA,NA,NA,NA,NA,NA,NA,NA,NA,NA,NA,NA
Pseudemydura,umbrina,Chelidae,45.20689918,Critically Endangered,T,Y,Y,NA,NA,NA,NA,NA,Y,NA,NA,NA,NA,NA,1,1,32,40,205,277,76,1
Pyxis,planicauda,Testudinidae,42.86402613,Critically Endangered,T,Y,Y,NA,NA,NA,Y,NA,NA,17,NA,2,NA,NA,NA,3,61,43,31,135,6,19
Pyxis,arachnoides,Testudinidae,42.86402613,Critically Endangered,T,Y,Y,NA,NA,NA,Y,NA,NA,51,NA,7,1,23,NA,4,157,121,207,485,27,82
Rafetus,swinhoei,Trionychidae,36.27804586,Critically Endangered,T,N,Y,NA,NA,Y,NA,NA,NA,NA,NA,NA,NA,NA,NA,NA,NA,NA,NA,NA,NA,0
Rafetus,euphraticus,Trionychidae,36.27804586,Endangered,T,N,Y,NA,NA,Y,NA,NA,NA,NA,NA,NA,NA,NA,NA,NA,NA,NA,NA,NA,NA,0
Ranacephala,hogei,Chelidae,NA,Critically Endangered,T,N,N,NA,Y,NA,NA,NA,NA,NA,NA,NA,NA,NA,NA,NA,NA,NA,NA,NA,NA,NA
Rheodytes,leukops,Chelidae,45.20689918,Vulnerable,T,N,Y,NA,NA,NA,NA,NA,Y,NA,NA,NA,NA,NA,NA,NA,NA,NA,NA,NA,NA,NA
Rhinemys,rufipes,Chelidae,45.20689918,Near Threatened,NT,N,Y,NA,Y,NA,NA,NA,NA,NA,NA,NA,NA,NA,NA,NA,NA,NA,NA,NA,NA,NA
Rhinoclemmys,melanosterna,Geoemydidae,16.18739025,Not Assessed,UNK,Y,Y,NA,Y,NA,NA,NA,NA,NA,7,NA,NA,NA,NA,1,22,25,86,133,1,7
Rhinoclemmys,diademata,Geoemydidae,16.31243884,Not Assessed,UNK,Y,Y,NA,Y,NA,NA,NA,NA,NA,4,NA,NA,NA,NA,1,2,4,6,12,0,4
Rhinoclemmys,nasuta,Geoemydidae,22.53486812,Near Threatened,NT,Y,Y,NA,Y,NA,NA,NA,NA,NA,3,NA,NA,NA,NA,1,0,4,4,8,0,3
Rhinoclemmys,annulata,Geoemydidae,24.50251752,Near Threatened,NT,Y,Y,NA,Y,NA,NA,NA,NA,NA,2,NA,NA,NA,NA,1,2,2,5,9,0,2
Rhinoclemmys,punctularia,Geoemydidae,16.20550842,Not Assessed,UNK,Y,Y,NA,Y,NA,NA,NA,NA,1,NA,NA,NA,4,NA,3,4,11,12,27,0,5
Sacalia,bealei,Geoemydidae,28.92967845,Endangered,T,Y,Y,NA,NA,Y,NA,NA,NA,2,NA,4,NA,3,NA,3,7,9,20,36,1,9
Sacalia,quadriocellata,Geoemydidae,28.92967845,Critically Endangered,T,Y,Y,NA,NA,Y,NA,NA,NA,7,NA,3,NA,2,NA,3,17,15,42,74,3,12
Siebenrockiella,crassicollis,Geoemydidae,18.44855405,Endangered,T,Y,Y,NA,NA,Y,NA,NA,NA,3,NA,10,NA,11,NA,3,28,33,60,121,1,24
Siebenrockiella,leytensis,Geoemydidae,18.44855405,Critically Endangered,T,Y,Y,NA,NA,Y,NA,NA,NA,1,NA,NA,NA,1,NA,2,4,3,0,7,0,2
Stigmochelys,pardalis,Testudinidae,26.64813973,Least Concern,NT,Y,Y,NA,NA,NA,Y,NA,NA,73,3,17,10,120,7,6,297,288,323,908,12,230
Testudo,marginata,Testudinidae,22.00254487,Least Concern,NT,Y,Y,NA,NA,NA,NA,Y,NA,2,NA,1,NA,62,NA,3,92,64,137,293,18,65
Testudo,kleinmanni,Testudinidae,22.17233212,Critically Endangered,T,Y,Y,NA,NA,NA,Y,NA,NA,27,NA,1,1,41,NA,4,123,112,270,505,23,70
Testudo,graeca,Testudinidae,23.7582789,Vulnerable,T,Y,Y,NA,NA,NA,NA,Y,NA,14,NA,20,1,127,3,5,200,202,583,985,24,165
Testudo,hermanni,Testudinidae,24.23418417,Near Threatened,NT,Y,Y,NA,NA,NA,NA,Y,NA,10,1,5,1,190,2,6,601,514,873,1988,48,209
Testudo,horsfieldii,Testudinidae,26.87668417,Vulnerable,T,Y,Y,NA,NA,NA,NA,Y,NA,33,NA,7,NA,109,1,4,142,185,312,639,0,150
Trachemys,dorbigni,Emydidae,7.854604612,Not Assessed,UNK,Y,Y,NA,Y,NA,NA,NA,NA,NA,5,NA,NA,NA,NA,1,29,41,18,88,0,5
Trachemys,callirostris,Emydidae,NA,Not Assessed,UNK,Y,N,NA,Y,NA,NA,NA,NA,2,5,NA,NA,2,NA,3,15,56,66,137,0,9
Trachemys,adiutrix,Emydidae,NA,Endangered,T,N,N,NA,Y,NA,NA,NA,NA,NA,NA,NA,NA,NA,NA,NA,NA,NA,NA,NA,NA,NA
Trachemys,medemi,Emydidae,NA,Not Assessed,UNK,N,N,NA,Y,NA,NA,NA,NA,NA,NA,NA,NA,NA,NA,NA,NA,NA,NA,NA,NA,NA
Trionyx,triunguis,Trionychidae,50.05117886,Vulnerable,T,Y,Y,NA,NA,NA,Y,NA,NA,4,NA,NA,1,6,NA,4,6,3,21,30,0,11
Vijayachelys,silvatica,Geoemydidae,18.44855405,Endangered,T,N,Y,NA,NA,Y,NA,NA,NA,NA,NA,NA,NA,NA,NA,NA,NA,NA,NA,NA,NA,NA
